{
  "version": 1,
  "author": "Anonymous maker",
  "editor": "wokwi",
  "parts": [
    { "type": "wokwi-breadboard-half", "id": "bb1", "top": -204.6, "left": 204.4, "attrs": {} },
    { "type": "board-pi-pico-w", "id": "pico1", "top": -185.65, "left": 70.75, "attrs": {} },
    {
      "type": "wokwi-lcd1602",
      "id": "lcd2",
      "top": -377.6,
      "left": 216.8,
      "attrs": { "pins": "i2c" }
    },
    { "type": "wokwi-dht22", "id": "dht2", "top": -230.1, "left": 445.8, "attrs": {} }
  ],
  "connections": [
    [ "dht2:SDA", "pico1:GP15", "orange", [ "v153.6", "h-393.5" ] ],
    [ "bb1:tp.25", "bb1:bp.25", "red", [ "v0.3", "h30.4", "v172.8" ] ],
    [ "bb1:tn.25", "bb1:bn.25", "black", [ "v-0.1", "h40", "v172.8" ] ],
    [ "pico1:3V3", "bb1:tp.1", "red", [ "h38.71", "v-57.9" ] ],
    [ "lcd2:VCC", "bb1:tp.3", "red", [ "h-28.8", "v124.9", "h65.6" ] ],
    [ "pico1:GND.8", "bb1:tn.1", "black", [ "h48.31", "v-28.7" ] ],
    [ "lcd2:GND", "bb1:tn.5", "black", [ "h-19.2", "v124.8", "h75.2" ] ],
    [ "lcd2:SCL", "pico1:GP5", "green", [ "h-163.2", "v201.9" ] ],
    [ "pico1:GP4", "lcd2:SDA", "green", [ "h-9.6", "v-201.8" ] ],
    [ "dht2:VCC", "bb1:25t.e", "", [ "$bb" ] ],
    [ "dht2:SDA", "bb1:26t.e", "", [ "$bb" ] ],
    [ "dht2:NC", "bb1:27t.e", "", [ "$bb" ] ],
    [ "dht2:GND", "bb1:28t.e", "", [ "$bb" ] ],
    [ "dht2:VCC", "bb1:bp.20", "red", [ "v0" ] ],
    [ "dht2:GND", "bb1:bn.23", "black", [ "v0" ] ]
  ],
  "dependencies": {}
}